ID formulario,Nombre de la persona que llena el formulario,Entidad responsable de registrar el avance,Nombre del compromiso,Nombre del hito,Fecha de registro del formulario,Descripción avance hito,Enlace evidencias de realización del hito,Archivos de evidencias de realización del hito,¿Cuál es el porcentaje de avance de implementación del hito?,¿Cuál es el estado de cumplimiento del hito?,¿La contraparte ha respondido con sus responsabilidades con la entidad responsable durante el compromiso?,¿La contraparte ha respondido con sus responsabilidades con la entidad responsable durante el compromiso? Justificación,¿Cuántas actividades se realizaron con la inclusión de otros actores relevantes en el compromiso?,¿Cuáles actividades se realizaron con la inclusión de otros actores relevantes en el compromiso?,¿Cuántas personas participaron en cada uno de los hitos?,¿A qué sectores pertenecen los participantes de las actividades en cada hito de los compromisos?,"Si respondió ""Otro"" a la pregunta anterior, por favor indicar el nombre del nuevo sector",Descripción de la realidad inicial previa a la implementación del hito del compromiso,Descripción de la realidad una vez implementado el hito del compromiso,¿El hito se relaciona con alguna iniciativa internacional ligada con Gobierno Abierto? ,¿El hito se relaciona con alguna iniciativa internacional ligada con Gobierno Abierto? ¿Cuál?,"Si respondió ""otro"" responda la iniciativa",¿Con qué punto en concreto de la iniciativa internacional se relaciona el hito?,¿Con qué punto en concreto de la iniciativa internacional se relaciona el hito? Justificación
,Johanna Pazmiño,Ministerio de Telecomunicaciones y de la Sociedad de la Información,Elaboración colaborativa de la política de datos abiertos y la guía para su implementación,"Hito 1: Validación de la política de datos abiertos, elaborada con insumos recibidos de participantes de los sectores público, privado, academia, sociedad civil y ciudadanía",2021-10-15,"La Política de Datos Abiertos se emitió con el Acuerdo Ministerial No. 011-2020 (Registro Oficial 190, de 24 de abril de 2020).",,,100%,Completado,Sí,,3,"Talleres presenciales
Retroalimentación en Abrelatam y Condatos 2019
Recepción observaciones en plataforma diálogo 2.0",95,"Sociedad Civil,Entidad pública,Academia,Ciudadanía general, Empresa privada,Organismo multilateral",,No teníamos Política de Datos Abiertos,Política de Datos Abiertos emitida con Acuerdo Ministerial por el Ministerio de Telecomunicaciones y de la Sociedad de la Información,Sí,Open Data Charter,,,"Principios de los Datos Abiertos
Guía anticorrupción de la Open Data Charter"
,Johanna Pazmiño,Ministerio de Telecomunicaciones y de la Sociedad de la Información,Elaboración colaborativa de la política de datos abiertos y la guía para su implementación,"Hito 2: Mapeo de actores públicos, académicos, privados y de sociedad civil relacionados con la temática, y desarrollo de la metodología para la co-creación de la Guía para la implementación de la Política.",2021-10-15,"La Guía de Datos Abiertos se construyó de manera colaborativa con actores de sectores: público, privado, academia, sociedad civil y ciudadanía. Al final del documento se encuentran los nombres de quienes participaron. La Guía de Datos Abiertos   se emitió con Acuerdo Ministerial No. 035-2020, (Registro Oficial, Suplemento No. 371, de 15 de enero de 2021).
El mapeo de actores fue levantado en conjunto con sociedad civil, desde la Red Ecuatoriana de Datos Abiertos y Metadatos (REDAM), a través de un llamado público a expertos.",,,100%,Completado,Sí,,14,"Un webinar de arranque con expositores de varios sectores
Doce sesiones de trabajo, cuatro con cada grupo temático: aspectos legales, aspectos tecnológicos, generación de valor.
Un proceso de retroalimentación en plataforma diálogo 2.0
",136,"Sociedad Civil,Entidad pública,Academia,Ciudadanía general, Empresa privada,Organismo multilateral",,No se contaba con una guía de datos abiertos,Guía de datos abiertos emitida con Acuerdo Ministerial emitido por el Ministerio de Telecomunicaciones y de la Sociedad de la Información.,Sí,"Open Data Charter,Objetivos de Desarrollo Sostenible",,ODS 16 y 17,"ODS 16: Contar con la política y guía de datos abiertos permite fortalecer la gestión institucional en transparencia, participación y colaboración ciudadana. 
ODS 17: Apoyarnos en instituciones internacionales, en realidades cercanas de otros países, fortalecer conocimientos y aplicarlos es posible en la medida en que logramos sinergias."
,Johanna Pazmiño,Ministerio de Telecomunicaciones y de la Sociedad de la Información,Elaboración colaborativa de la política de datos abiertos y la guía para su implementación,Hito 3: Co-creación de la Guía para la implementación de la Política que incluye modelo de gobernanza y gestión de datos abiertos.,2021-10-15,"La Guía de Datos Abiertos se emitió con Acuerdo Ministerial No. 035-2020 suscrito el 11 de diciembre de 2020, (Registro Oficial, Suplemento No. 371, de 15 de enero de 2021).
Un resumen del proceso de desarrollo de la guía y de la ejecución del compromiso en general, ha sido documentado en el sitio web de la Red Ecuatoriana de Datos Abiertos y Metadatos (REDAM).",,,100%,Completado,Sí,,136,"Convocatorias para participar como expertos
Co-creación de la Guía
Retroalimentación del documento co-creado",136,"Sociedad Civil,Entidad pública,Academia,Ciudadanía general, Empresa privada,Organismo multilateral",,No se contaba con Guía de Datos Abiertos co-creada,"Se cuenta con la Guía de Datos Abiertos co-creada, emitida con Acuerdo Ministerial del Ministerio de Telecomunicaciones y de la Sociedad de la Información.",Sí,"Objetivos de Desarrollo Sostenible,Open Data Charter",,Principios de los Datos Abiertos,"ODS 16, 17"
,Johanna Pazmiño,Ministerio de Telecomunicaciones y de la Sociedad de la Información,Elaboración colaborativa de la política de datos abiertos y la guía para su implementación,Hito 4: Identificación y selección de indicadores para la medición de la implementación de la política de datos abiertos con la participación de actores mapeados.,2021-10-15,"Se construyó de manera colaborativa los indicadores para medición de la implementación de la política, la guía y la plataforma de datos abiertos, con el apoyo de la Cooperación Alemana. La línea de acción se denomina ""Mejora de los datos abiertos"" y se lleva a cabo en conjunto entre el MINTEL, la Secretaría Nacional de Planificación y la GIZ.",,,100%,Completado,Sí,,24,"Invitaciones y confirmaciones 
Talleres para construccion de indicadores: distribución por salas de trabajo (6), agrupadas por 4 dimensiones: entorno, datos, uso, impacto",69,"Sociedad Civil,Entidad pública,Academia,Ciudadanía general, Empresa privada,Organismo multilateral",,No se contaba con indicadores que permitan medir la implementación de los datos abiertos en la Administración Pública Central,Se cuenta con indicadores co-creados que permitan medir la implementación de los datos abiertos en la Administración Pública Central,Sí,"Objetivos de Desarrollo Sostenible,Open Data Charter",,"ODS 16, 17","Contar con una herramienta de seguimiento a la política y guía de datos abiertos, fortalece la gestión institucional en transparencia, participación y colaboración ciudadana. "
,Johanna Pazmiño,Ministerio de Telecomunicaciones y de la Sociedad de la Información,Elaboración colaborativa de la política de datos abiertos y la guía para su implementación,"Hito 5: Difusión de la Política, Guía e Indicadores para la gestión de datos abiertos y sus estándares de apertura.",2021-10-15,"Se considera la difusión como un actividad transversal, que tiene duración hasta que finalice el compromiso. En función de eso, a la fecha tenemos un recorrido del tiempo de aproximadamente 90%",,,90%,Ejecución,Sí,,7,"Presentación de la Política de Datos Abiertos
Presentación de la Guía de Datos Abiertos
Webinars de inicio de procesos de co-creación
Datos Abiertos para la transparencia y la lucha contra la corrupción con moitvo del Open data Day
Presentación de la Guía de apertura de datos anticorrupción de Open Data Charter
Taller y presentación de propuestas en la Expedición de datos La tecnología en el gobierno
Inducción de datos abiertos
",744,"Sociedad Civil,Entidad pública,Academia, Empresa privada,Organismo multilateral",,"La temática de datos abiertos, así como el potencial e impacto que pueden tener ocn su uso no es conocido de manera extensiva.","Se realizan actividades de difusión y de utilización de datos de manera asidua, para que más actores tengan conocimiento y se acerquen más a las iniciativas de datos abiertos",Sí,"Objetivos de Desarrollo Sostenible,Open Data Charter",,ODS 16 y 17,Fortalecer conocimientos y aplicarlos será posible en la medida que se insista de manera permanente en el desarrollo de capacidades.
,Johanna Pazmiño,Ministerio de Telecomunicaciones y de la Sociedad de la Información,Elaboración colaborativa de la política de datos abiertos y la guía para su implementación,Hito 6: Capacitación sobre la Guía de datos abiertos dirigida a funcionarios públicos y usuarios.,2021-10-15,"Al igual que la difusión, la capacitación es un proceso permanente y continuo, por tanto se considera un avance de 90% a la fecha, por cuanto finalizará con el plazo establecido para este compromiso.",,,80%,Ejecución,Sí,,3,"Coinciden las actividades con la difusión.
Adicionalemente se realizan capacitaciones de manera personalizada a las entidades y a los eequipos que acompañan la implementación de los datos abiertos.
Está en ejecución una consultoría Fortalecimiento de capacidades del sector público y ciudadana en la aplicación, implementación y uso de política, guía y portal de datos abiertos cuenta con el apoyo de la Cooperación Alemana. ",744,"Sociedad Civil,Entidad pública,Academia,Ciudadanía general, Empresa privada,Organismo multilateral",,La temática de datos abiertos no es muy conocida,"Se tiene una mayor presencia de la temática en la Admisntiración Pública Central, con vinculaciones en actividades de reutilización con participación de academia, sociedad civil, empresa privada",Sí,Objetivos de Desarrollo Sostenible,,OSD 16 y 17,"Fortalecer conocimientos y desarrollar capacidades es una actividad permanente que se reflejará en contar con instituciones sólidas, y fortalecer alianzas para lograr los objetivos."
,Johanna Pazmiño,Ministerio de Telecomunicaciones y de la Sociedad de la Información,Elaboración colaborativa de la política de datos abiertos y la guía para su implementación,Hito 7: Elaboración y publicación de informe de la implementación de la política de datos abiertos.,2021-10-15,Se presentará el informe final al final del período planificado para el compromiso. ,,,10%,Definición,Sí,,1,1,7,"Sociedad Civil,Entidad pública,Academia",,Aun no se cierra el compromiso,Aun no se cierra el compromiso,No,,,,
,César Paúl Proaño Salazar,Servicio Nacional de Contratación Pública,Plataforma de Información Abierta de Contratación Pública,Hito 1: Identificación de actores clave gubernamentales y no gubernamentales para fortalecer el trabajo interinstitucional y la participación ciudadana que promueva la transparencia y la concurrencia en el Sistema Nacional de Contratación Pública.,2021-10-18,Se realizó el mapeo de los actores interesados en el desarrollo de la plataforma de información abierta de contratación pública,,,100%,Completado,Sí,,4,"Talleres de Planeación, Reuniones de Trabajo",8,"Sociedad Civil,Entidad pública",,No se contaba con una identificación de actores clave para el desarrollo del compromiso.,"Se cuenta con una matriz de actores involucrados, misma que está categorizada para una mejor articulación en las diferentes actividades del compromiso.",Sí,"Open Contracting,Objetivos de Desarrollo Sostenible",,Implementación del Estándar de Contrataciones Abiertas de Open Contranting Partnership,Implementación del Estándar de Contrataciones Abiertas de Open Contranting Partnership
,Carlos Javier Pacha Andrango,Secretaría Nacional de Planificación,Re-diseño y actualización del portal de datos abiertos,Hito 1: Diagnóstico de la situación actual de la plataforma de datos abiertos existente.,2021-10-18,Se realizó un levantamiento de la situación tecnológica del portal de Datos Abiertos. Se ejecutaron talleres de expectiva ciudadana sobre la plataforma de Datos Abiertos ,,,100%,Completado,Sí,,3,"1. Se ejecutaron talleres de expectiva ciudadana sobre la plataforma de Datos Abiertos en Quito.
2. Se ejecutaron talleres de expectiva ciudadana sobre la plataforma de Datos Abiertos en Guayaquil.
3. Se ejecutaron talleres de expectiva ciudadana sobre la plataforma de Datos Abiertos en Cuenca.",67,"Sociedad Civil,Entidad pública,Academia",,Se contaba con un portal de Datos Abiertos básico y desactualizado a nivel de plataforma informática.,"Se cuenta con un portal de Datos Abiertos, moderno en su plataforma tecnológica, el cual facilita la carga y publicación de conjuntos de dartos acorde a la política y guía de datos abiertos gubernamental.",No,,,,
,Erika Botteri,Secretaría de Derechos Humanos,Co-creación del Plan Nacional de Prevención y Erradicación de la Violencia contra las Mujeres y de Género y creación de un observatorio ciudadano de violencia de género y diversidades sexo-genéricas,Hito 1: Definición de una metodología y hoja de ruta para la co-creación del Plan Nacional de Prevención y Erradicación de la Violencia contra las Mujeres y de Género.,2021-10-18,Hito finalizado entre finales de 2018 e inicios del 2019. ,,,100%,Completado,Sí,,0,No se cuenta con información concreta del número de actividades.,7,"Sociedad Civil,Entidad pública,Otro",Consultor contratado por la Entidad Pública,"No se había trabajado en temas de Gobierno Abierto, ni con un modelo de co-creación.",Herramientas co-creadas.,No,,,,
,Erika Botteri,Secretaría de Derechos Humanos,Co-creación del Plan Nacional de Prevención y Erradicación de la Violencia contra las Mujeres y de Género y creación de un observatorio ciudadano de violencia de género y diversidades sexo-genéricas,"Hito 2: Elaboración de un mapeo de actores gubernamentales, sociedad civil y academia, nacionales, subnacionales e internacionales estratégicos relacionados con género, la disminución de violencia contra las mujeres y de género y diversidad sexo-genérica",2021-10-18,Hito completado durante el primer semestre del 2020.,,,100%,Completado,Sí,,0,No se cuenta con información concreta.,7,"Sociedad Civil,Entidad pública,Otro",Consultor contratado. ,No se contaba con un mareo de actores.,Levantamiento de base de datos con actores territoriales. ,No,,,,
,Erika Botteri,Secretaría de Derechos Humanos,Co-creación del Plan Nacional de Prevención y Erradicación de la Violencia contra las Mujeres y de Género y creación de un observatorio ciudadano de violencia de género y diversidades sexo-genéricas,"Hito 3: Creación de un observatorio ciudadano de violencia de género y diversidades sexo-genéricas, para el apoyo a la vigilancia y seguimiento al cumplimiento de las políticas e instrumentos",2021-10-18,Hito completado en septiembre del 2021.,,,100%,Completado,Sí,,58,"Consultorías, talleres, reuniones de evaluación, sistematización de aportes, elaboración de informes y evaluaciones.",50,"Sociedad Civil,Organismo multilateral",,No existía un observatorio para temas de género y diversidades sexo-genéricas; ni normas que respalden la necesidad de trabajar en políticas públicas en relación a diversidades sexo-genéricas. ,El Ecuador cuenta con el primer observatorio ciudadano de género y diversidades sexo-genéricas en la región.,No,,,,
,Erika Botteri,Secretaría de Derechos Humanos,Co-creación del Plan Nacional de Prevención y Erradicación de la Violencia contra las Mujeres y de Género y creación de un observatorio ciudadano de violencia de género y diversidades sexo-genéricas,"Hito 4: Identificación, consolidación y análisis, de manera colaborativa, de la información disponible* (misma que se ampliará a medida de sus avances) relacionada con temas de violencia contra las mujeres, basada en género",2021-10-18,Hito en ejecución.,,,80%,Ejecución,Sí,,2,Reuniones de miembros fundadores del Observatorio. ,5,Sociedad Civil,,En implementación. ,En implementación. ,No,,,,
,Erika Botteri,Secretaría de Derechos Humanos,Co-creación del Plan Nacional de Prevención y Erradicación de la Violencia contra las Mujeres y de Género y creación de un observatorio ciudadano de violencia de género y diversidades sexo-genéricas,"Hito 5: Desarrollar al menos 12 talleres en territorio, con la participación de diversos actores para socializar los avances del diseño de la planificación para la prevención y erradicación de la violencia contra las mujeres",2021-10-18,"Se han realizado 16 Cumbres Territoriales, contando con la participación de casi 10 cantones y finalizó en octubre de 2020. ",,,100%,Completado,Sí,,16,Realización de 16 Cumbres Territoriales.,2050,"Entidad pública,Sociedad Civil,Ciudadanía general",,No se contaba con retroalimentación de sociedad civil sobre la herramienta. ,Retroalimentación e insumos desde sociedad civil respecto a la herramienta.,No,,,,
,Erika Botteri,Secretaría de Derechos Humanos,Co-creación del Plan Nacional de Prevención y Erradicación de la Violencia contra las Mujeres y de Género y creación de un observatorio ciudadano de violencia de género y diversidades sexo-genéricas,Hito 6: Sistematización y elaboración del Plan Nacional de Prevención y Erradicación de la Violencia contra las Mujeres y de Género.,2021-10-18,"Hito cumplido. La aprobación del Plan se la realizó a través de Resolución Nro. SDH-SDH-005-R, de 04 de marzo de 2021.",,,100%,Completado,Sí,,25,Cumbres territoriales y talleres de socialización.,2050,"Sociedad Civil,Entidad pública,Ciudadanía general",,"Tiene varios antecedentes importantes, el 2019-2020 se realizó un proceso de evaluación del Plan anterior, 2015-2018, por parte de la Secretaría Técnica “Planifica Ecuador”, antiguo SENPLADES, en coordinación con la SDH. Desde ahí se generaron varias recomendaciones que se incorporaron en el nuevo Plan Nacional. Sobre todo, se encaminan a establecer parámetros de aplicación de la política pública para mujeres, en todo su ciclo de vida, a que cumplan técnicamente criterios establecidos por Planifica Ecuador, y a recomendar que se asignen presupuestos para garantizar la implementación de la LOIPEVM.",Se cuenta con la herramienta mencionada en cumplimiento de la Ley Orgánica Integral para Prevenir y Erradicar la Violencia contra las Mujeres.,No,,,,
,Erika Botteri,Secretaría de Derechos Humanos,Co-creación del Plan Nacional de Prevención y Erradicación de la Violencia contra las Mujeres y de Género y creación de un observatorio ciudadano de violencia de género y diversidades sexo-genéricas,"Hito 7: Publicación, lanzamiento, difusión y sensibilización del Plan Nacional de Prevención y Erradicación de la Violencia contra las Mujeres y de Género.",2021-10-18,Hito en ejecución. El Plan e encuentra en fase de diagramación.,,,90%,Ejecución,Sí,,18,"Cruzadas Nacionales, Cumbres Territoriales, etc. La diagramación  del Plan Nacional se está realizando conjuntamente con GIZ, para su posterior lanzamiento. ",2050,"Sociedad Civil,Entidad pública,Organismo multilateral",,"Tiene varios antecedentes importantes, el 2019-2020 se realizó un proceso de evaluación del Plan anterior, 2015-2018, por parte de la Secretaría Técnica “Planifica Ecuador”, antiguo SENPLADES, en coordinación con la SDH. Desde ahí se generaron varias recomendaciones que se incorporaron en el nuevo Plan Nacional. Sobre todo, se encaminan a establecer parámetros de aplicación de la política pública para mujeres, en todo su ciclo de vida, a que cumplan técnicamente criterios establecidos por Planifica Ecuador, y a recomendar que se asignen presupuestos para garantizar la implementación de la LOIPEVM.",Hito en ejecución. Se contará con el Plan Nacional diagramado.,No,,,,
,Erika Botteri,Secretaría de Derechos Humanos,Co-creación del Plan Nacional de Prevención y Erradicación de la Violencia contra las Mujeres y de Género y creación de un observatorio ciudadano de violencia de género y diversidades sexo-genéricas,"Hito 8: Informe de avance de implementación del componente para la prevención y erradicación de la violencia contra las mujeres, en el marco del Plan Nacional.",2021-10-18,"No ejecutado, pero en cumplimiento del cronograma. ",,,0%,Definición,Sí,,0,No aplica. ,0,Otro,No aplica.,No se cuenta con una evaluación.,No aplica.,No,,,,
,Erika Botteri,Secretaría de Derechos Humanos,Co-creación del Plan Nacional de Prevención y Erradicación de la Violencia contra las Mujeres y de Género y creación de un observatorio ciudadano de violencia de género y diversidades sexo-genéricas,"Hito 9: Informe de avance de implementación del componente para la prevención y erradicación de la violencia contra las diversidades sexo-genéricas, en el marco del Plan Nacional.",2021-10-18,"No ejecutado, pero en cumplimiento del cronograma. ",,,0%,Definición,Sí,,0,No aplica.,0,Otro,No aplica. ,No se cuenta con la evaluación. ,No aplica.,No,,,,
,Juan Carlos Dueñas Ricaurte,Ministerio de Energía y Recursos Naturales No Renovables,"Co-diseño de la hoja de ruta para la implementación del Estándar EITI para mejorar la transparencia en las industrias extractivas en Ecuador (petróleo, gas y minería)","Hito 1: Conformar el Grupo Multiparticipe, a partir de un mapeo de actores en distintos sectores relacionados con la transparencia financiera en las industrias extractivas (petróleo, gas y minería).",2021-10-18,GMP de EITI conformado desde junio 2020 y operativo en la actualidad.,,,100%,Completado,Sí,,5,"Conformación de grupo impulsor (Orígen en sociedad Civil)
Conformación de grupo de representantes del Gobierno
Conformación de grupo de representantes de la Industria
Conformación de grupo de representantes de Sociedad Civil
Suscripción de un compromiso con la iniciativa y aplicación oficial (Candidatura)",50,"Sociedad Civil,Entidad pública, Empresa privada,Organismo multilateral,Otro",Secretaría Internacional de EITI,Impulso de organizaciones de sociedad civil para adoptar estándares internacionales y buenas prácticas de transparencia en la gestión pública,"Se conformó un grupo multipartes con gobierno, industrias y sociedad civil, quienes elaboraron un plan de trabajo para la implementación del Estándar EITI en el sector extractivo ecuatoriano.",Sí,EITI (Iniciativa de Transparencia en la Industria Extractiva),,Todos los requisitos del Estándar EITI,El hito se relaciona directamente con el requisito número 1: Supervisión por el grupo multipartícipe
,Juan Carlos Dueñas Ricaurte,Ministerio de Energía y Recursos Naturales No Renovables,"Co-diseño de la hoja de ruta para la implementación del Estándar EITI para mejorar la transparencia en las industrias extractivas en Ecuador (petróleo, gas y minería)",Hito 2: Modelo de gestión co-creado con el Grupo Multiparticipe para el proceso de representatividad ante la propia comisión.,2021-10-19,"En julio de 2020, el GMP elaboró un plan de trabajo 2020-2022 y estableció el reglamento de operación del grupo donde se determina el modelo de gestión.",,,100%,Completado,Sí,,2,"1. Elaboración y aprobación del plan de trabajo 2020-2022
2. Elaboración y aprobación del reglamento de operación del GMP",25,"Sociedad Civil,Entidad pública, Empresa privada",,"Antes de la implementación del hito se conformó el GMP en junio de 2020, responsable de la implementación del Estándar EITI. Previo a eso se creó el grupo impulsor que unió a gobierno, empresas y sociedad civil.","Una vez conformado el GMP, su plan de trabajo 2020-2022 y el reglamento de operación se iniciaron las actividades de implementación, comenzando por la selección de un Secretario Técnico.",Sí,EITI (Iniciativa de Transparencia en la Industria Extractiva),,Requisito EITI 1 - Supervisión por el grupo multipartícipe,"Requisito 1.4

Aprobación de los planes de trabajo y supervisión de la implementación:
v.  El grupo multipartícipe debe aprobar los planes de trabajo anuales conforme al Requisito 1.5.
vi. El grupo multipartícipe debe supervisar el proceso de elaboración de informes EITI y participar en el proceso de Validación.

Reglamentos y procedimientos internos de gobernanza​:
vii. El EITI requiere un proceso de toma de decisiones que sea incluyente a lo largo de la implementación del EITI y que se trate a cada grupo de partes interesadas como un socio. Cualquier miembro del grupo multipartícipe tiene derecho a presentar un asunto para su discusión. El grupo multipartícipe debe aprobar y publicar sus procedimientos para la nominación y sustitución de los representantes del grupo multipartícipe, para la toma de decisiones, la duración del mandato y la frecuencia de las reuniones. Esto incluye asegurar que haya un proceso de sustitución de los miembros del grupo respete los principios establecidos en el Requisito 1.4(a). Cuando el grupo multipartícipe tenga por costumbre pagar per diems por la participación en las reuniones del EITI u otros pagos a sus miembros, esta práctica deberá ser transparente y no crear conflictos de interés.

viii.  Se debe realizar la convocatoria a las reuniones con suficiente antelación y asegurar la circulación de documentos con suficiente tiempo antes de ser debatidos y, llegado el caso, aprobados.

ix. El grupo multipartícipe deberá mantener un registro escrito de sus discusiones y decisiones."
,Juan Carlos Dueñas Ricaurte,Ministerio de Energía y Recursos Naturales No Renovables,"Co-diseño de la hoja de ruta para la implementación del Estándar EITI para mejorar la transparencia en las industrias extractivas en Ecuador (petróleo, gas y minería)","Hito 3: Realizar de manera colaborativa el Plan de Acción relacionado con la transparencia en las industrias extractivas (petróleo, gas y minería) en Ecuador",2021-10-19,"En julio de 2020, el GMP elaboró un plan de trabajo 2020-2022.",,,100%,Completado,Sí,,1,1. Elaboración y aprobación del Plan de Trabajo 2020-2022,25,"Sociedad Civil,Entidad pública, Empresa privada",,"El GMP conformado no contaba con un plan de trabajo, ni ejes de acción.","El GMP cuenta con un plan de trabajo e inicia actividades para dar cumplimiento a los 5 ejes:

1. Adhesión al estándar EITI (cumplido)
2. Fortalecer la Iniciativa EITI procurando su sostenibilidad
3. Transparentar información sobre industrias extractivas
4. Fortalecer la divulgación sistemática de la información
5. Vincular Transparencia con Desarrollo (D2D) - Asegurar Impactos del EITI",Sí,EITI (Iniciativa de Transparencia en la Industria Extractiva),,Requisito EITI 1 - Supervisión por el grupo multipartícipe,"Requisito 1.5 Plan de trabajo

Se requiere que el grupo multipartícipe mantenga un plan de trabajo actualizado que esté plenamente financiado y se ajuste a los plazos para la publicación de informes y Validación establecidos por el Consejo EITI."
,Juan Carlos Dueñas Ricaurte,Ministerio de Energía y Recursos Naturales No Renovables,"Co-diseño de la hoja de ruta para la implementación del Estándar EITI para mejorar la transparencia en las industrias extractivas en Ecuador (petróleo, gas y minería)","Hito 4: Inicio de la implementación de la hoja de ruta para mejorar la transparencia en las industrias extractivas (petróleo, gas y minería) en Ecuador.",2021-10-19,"Recopilación de información de instituciones públicas con competencia en el sector extractivo para la descripción del marco legal y régimen fiscal.

Recopilación de bases de datos con información del periodo 2010-2020 sobre contratos petroleros, títulos mineros y otras cifras del sector extractivo.

Identificación de fuentes de información sobre requisitos EITI relacionados con producción, exportaciones, recaudaciones, distribución de ingresos y contribución social y económica.

La inclusión de nuevas empresas y organizaciones a los grupos ampliados de industrias y sociedad civil de EITI Ecuador.

Ejecución de campañas de información digitales, implementación del plan de comunicación, gira de medios y participación en reuniones y talleres con actores de la sociedad civil.

Lanzamiento de la página web EITI Ecuador: www.eitiec.org",,,55%,Ejecución,Sí,,5,"1. Recopilación de información de instituciones públicas con competencia en el sector extractivo para la descripción del marco legal y régimen fiscal.

2. Recopilación de bases de datos con información del periodo 2010-2020 sobre contratos petroleros, títulos mineros y otras cifras del sector extractivo.

3. Ejecución de campañas de información digitales, implementación del plan de comunicación, gira de medios y participación en reuniones y talleres con actores de la sociedad civil.

4. La inclusión de nuevas empresas y organizaciones a los grupos ampliados de industrias y sociedad civil de EITI Ecuador.

5. Identificación de fuentes de información sobre requisitos EITI relacionados con producción, exportaciones, recaudaciones, distribución de ingresos y contribución social y económica.

6. Lanzamiento de la página web EITI Ecuador: www.eitiec.org

Se pretende convertir a esta página web en una guía ciudadana a través de los sistemas de información y repositorios documentales del gobierno.",60,"Entidad pública,Sociedad Civil,Academia, Empresa privada",,Ecuador cuenta con la denominación de país implementador del estándar EITI y se realizan actividades orientadas a dar cumplimiento a sus requisitos,El hito todavía se encuentra en proceso de implementación. El producto tangible de este trabajo es la página web y los documentos de trabajo correspondientes a los informes de gestión y actas de sesión del GMP.,Sí,"EITI (Iniciativa de Transparencia en la Industria Extractiva),Open Contracting,GIFT (Iniciativa Global para la Transparencia Fiscal),Acuerdo de Escazú,Objetivos de Desarrollo Sostenible",,Requisitos EITI 1 - 6,"REQUISITO EITI 1 - Supervisión por el grupo multipartícipe
REQUISITO EITI 2 - Marco legal e institucional, incluyendo el otorgamiento de contratos y licencias
REQUISITO EITI 3 - Exploración y producción
REQUISITO EITI 4 - Recaudación de ingresos
REQUISITO EITI 5 - Distribución de ingresos
REQUISITO EITI 6 - Gasto social y económico"
,Juan Carlos Dueñas Ricaurte,Ministerio de Energía y Recursos Naturales No Renovables,"Co-diseño de la hoja de ruta para la implementación del Estándar EITI para mejorar la transparencia en las industrias extractivas en Ecuador (petróleo, gas y minería)","Hito 5: Evaluación de los avances de la implementación de la hoja de ruta para mejorar la transparencia en las industrias extractivas (petróleo, gas y minería) en Ecuador.",2021-10-19,"Se cuenta con un informe actualizado de la gestión realizada por la Secretaría Técnica EITI Ecuador en cuanto al cumplimiento del Plan de Trabajo 2020-2022. Tercer reporte de la ST.

Los periodos de reporte son trimestrales y se generarán reportes hasta diciembre de 2023, posterior a la evaluación que realice la Secretaría Internacional de EITI. Total: 12 informes + Evaluación internacional",,,25%,Ejecución,Sí,,3,"1. Primer reporte 2021
2. Segundo reporte 2021
3. Tercer reporte 2021",1,"Sociedad Civil,Entidad pública, Empresa privada",,"El proceso de implementación del Estándar EITI cuenta con un GMP, un plan de trabajo 2020-2022, un reglamento de operación y un Secretario Técnico.","El hito se encuentra en proceso de implementación conforme lo requiere el Estándar EITI, generando reportes trimestrales.",Sí,EITI (Iniciativa de Transparencia en la Industria Extractiva),,REQUISITO EITI 7 - Resultados e impacto,"REQUISITO EITI 7 - Resultados e impacto

La divulgación continua de los datos de la industria extractiva sirve de poco si no existe una conciencia pública y una comprensión sobre el significado de las cifras, así como un debate público sobre cómo usar de manera efectiva los ingresos provenientes de los recursos. Los Requisitos EITI relacionados con los resultados y el impacto tienen como propósito asegurar que las partes interesadas estén involucradas en un dialogo sobre el manejo de los ingresos de los recursos naturales. El régimen de divulgación de información EITI conlleva al desarrollo de los Principios EITI al contribuir al debate público. También es esencial que las lecciones aprendidas durante la implementación sean ejecutadas, que las recomendaciones de las implementaciones del EITI sean consideradas y cuando resulte apropiado, puestas en práctica, y que la implementación del EITI tenga una base estable y sostenible."
,Antonio Llerena Meza,"Ministerio del Ambiente, Agua y Transición Ecológica",Implementación de los derechos de participación y acceso a la información ambiental (Escazú),Hito 4: Implementación de hoja de ruta para finalizar el proceso de ratificación.,2021-10-20,"El MAATE participó y colaboró en el proceso de ratificación del Acuerdo de Escazú que se realizó en la Asamblea Nacional el 4 de febrero de 2020. El 21 de mayo de 2020, Ecuador se convirtió en el noveno país en hacer entrega del instrumento de ratificación ante NNUU.

El MAATE colaboró como actor dentro de la co-construcción de propuestas y hoja de ruta para avanzar en el proceso de implementación de las disposiciones del Acuerdo de Escazú en el marco político, normativo e institucional.",,,100%,Completado,Sí,,6,"Talleres de negociacion, participación de la sociedad civil y actores gubernamentales involucrados",50,"Sociedad Civil,Entidad pública,Academia,Organismo multilateral",Cooperación Internacional GIZ,"Reconocimiento de los Derechos de la Naturaleza que se encuentra en la Constitución, Código Orgánico del Ambiente y su Reglamente, Sistema de Información Ambiental (SUIA).
 Sistema Nacional de Indicadores Ambientales y Sociales (SINIAS): Mapa Interactivo, Repositorio de Conocimiento Ambiental, Publicaciones sobre información ambiental e hídrica.
Ley Orgánica de Transparencia y Acceso a la Información Pública (LOTAIP). 
Planes Nacionales de desarrollo.
Ley Orgánica de Participación Ciudadana.
Mesa REDD +.
Procesos de consulta popular.
Proceso de Participación Social en la obtención de licencias ambientales.
Procesos participativos en la construcción de PMA y estrategias.
Alianza para el Gobierno Abierto.
Ley Orgánica de la Defensoría del Pueblo.
Normas para la promoción y Protección de Defensoras y Defensores de Derechos Humanos y de la Naturaleza por parte de la Defensoría del Pueblo del Ecuador.
Reglamento para la creación y funcionamiento de los Consejos de Defensoras y Defensores de los Derechos Humanos y de la Naturaleza de la Defensoría del Pueblo.","El Ecuador se ha unido a un esfuerzo regional, para reforzar los temas relacionados a los pilares que menciona el Acuerdo de Escazú.",Sí,"Acuerdo de Escazú,Objetivos de Desarrollo Sostenible,OGP (Alianza de Gobierno Abierto) Local ",,Se relaciona con 12 de los 17 ODS - Acuerdo de Escazú  ,Se relaciona con todo el Acuerdo de Escazú.
,Antonio Llerena Meza,"Ministerio del Ambiente, Agua y Transición Ecológica",Implementación de los derechos de participación y acceso a la información ambiental (Escazú),"Hito 1: Análisis diagnóstico de congruencia del Acuerdo Regional sobre el Acceso a la Información, la Participación Pública y el Acceso a la Justicia en Asuntos Ambientales en América Latina y el Caribe",2021-10-20,"Dentro de los pilares del Acuerdo de Escazú, en Ecuador el MAATE ha trabajado en coordinación con la Universidad de los Hemisferios como representante de la sociedad civil y academia, y con el soporte de la GIZ, en el “Análisis diagnóstico de congruencia del Acuerdo Regional sobre el Acceso a la Información, la Participación Pública y el Acceso a la Justicia en Asuntos Ambientales en América Latina y el Caribe con el marco político, normativo e institucional vigente”. Este proceso ha permitido identificar las brechas para la implementación del Acuerdo y fortalecer, de esta manera, los siguientes pasos para seguir con la implementación del Acuerdo.",,,100%,Completado,Sí,,4,"- Interacción con Cooperación Internacional en la línea de acción del Programa de GIZ Ecuador Sincero, relacionada al Acuerdo de Escazú.
- Socialización a los actores del estado situacional del Acuerdo de Escazú en el país.
- Desarollo de talleres de co-creación del análisis diagnóstico de congruencia del Acuerdo Regional sobre el Acceso a la Información, la Participación Pública y el Acceso a la Justicia en Asuntos Ambientales en América Latina y el Caribe con el marco político, normativo e institucional vigente.
- Revisión de documentación técnica identificar las brechas de normativa para la implementación del Acuerdo.",50,"Sociedad Civil,Academia,Entidad pública,Organismo multilateral,Otro",Cooperación Internacional GIZ,"'- Constitución de la República del Ecuador 2008, con el reconocimiento de los derechos de la naturaleza.
- Planes Nacionales de Desarrollo.
- Ley Orgánica de Transparencia y Acceso a la Información Pública y su reglamento.
- Código Orgánico del Ambiente y su reglamento .
- Sistema Único de Información Ambiental (SUIA).
- Sistema Nacional de de Indicadores Ambientales y Sociales (SINIAS).
- Ley Orgánica de Participación Ciudadana.
- Alianza para el Gobierno Abierto.
- Mesa REDD +.
- Procesos de consulta popular.
- Proceso de Participación Social en la obtención de licencias ambientales .
- Procesos participativos en la construcción de PMA y estrategias.
- Ley Orgánica de la Defensoría del Pueblo.
- Normas para la promoción y Protección de Defensoras y Defensores de Derechos Humanos y de la Naturaleza por parte de la Defensoría del Pueblo del Ecuador.
- Reglamento para la creación y funcionamiento de los Consejos de Defensoras y Defensores de los Derechos Humanos y de la Naturaleza de la Defensoría del Pueblo.
","El Ecuador se ha unido a un esfuerzo regional, para reforzar los temas relacionados a los pilares que menciona el Acuerdo de Escazú.

Este análisis diagnóstico de congruencia del Acuerdo Regional ha permitido identificar las brechas para la implementación del Acuerdo y fortalece los siguientes pasos para seguir con la implementación del mismo.",Sí,"Objetivos de Desarrollo Sostenible,Acuerdo de Escazú,OGP (Alianza de Gobierno Abierto) Local ",,Se relaciona con 12 de los 17 ODS - Acuerdo de Escazú  ,Se relaciona con todo el Acuerdo de Escazú.
,Guido Moncayo Vives ,Defensoría del Pueblo,Desarrollo de capacidades para garantizar la transparencia y el acceso a la información pública,"Hito 1: Levantamiento de un diagnóstico sobre la aplicabilidad y cumplimiento de la Ley Orgánica de Transparencia y Acceso a la Información Pública, específicamente lo relativo a transparencia activa y pasiva",2021-10-20,"Con el apoyo de la GIZ, desde el mes de noviembre de 2020 se contó con la contratación de una consultoria con la Fundación Terranueva para la co-ejecución de los hitos 1 y 2. Este primer hito contó con una etapa de definición (meses de noviembre y diciembre 2020) y ejecución (se levantaron encuestas a actores claves y un par de talleres en formato virtual) durante el primer trimestre 2021. El producto de diagnóstico fue remitido finalmente, luego de algunas retroalimentaciones de la DPE y GIZ, en el mes de abril 2021.",,,100%,Completado,No,,3,"'-Talleres de diagnóstico de la situación actual de la LOTAIP y la transparencia de manera general en el país. 
-Encuestas a actores claves (estatales, sociedad civil y academia),
-Entrevistas semi estructuradas a actores claves",50,"Sociedad Civil,Entidad pública,Academia,Otro",Cooperación internacional ,No se conocia la realidad de las instituciones en temas de transparencia y acceso a la información.,Tener un diagnóstico general sobre el cumplimiento de la LOTAIP y la transparencia en el Ecuador.,Sí,"Objetivos de Desarrollo Sostenible,Otro",RTA- Red de transparencia y de acceso a  la infromación pública (conformada por los organos garantes de acceso a la información),"ODS: objetivo 16,meta 5, 6 y 10, Objetivo 17: meta 14, 17 y 18","Objetivo 16: Paz, justicia e instituciones sólidas
Objetivo 17: Alianzas para lograr los objetivos"
,Antonio Llerena Meza,"Ministerio del Ambiente, Agua y Transición Ecológica",Implementación de los derechos de participación y acceso a la información ambiental (Escazú),"Hito 2: Articulación de organizaciones de la sociedad civil, academia y movimientos locales que promueven el Acuerdo de Escazú en una Plataforma u Observatorio Ambiental a nivel nacional formado virtual y/o presencialmente",2021-10-20,"Actualmente para fortalecer la implementación del Acuerdo de Escazú, con el soporte de la GIZ, se encuentra en marcha la Segunda consultoría de la Línea de Acción para la Implementación del Acuerdo de Escazú, misma que se encuentra en ejecución con el objetivo general de “diseñar de manera participativa y colaborativa una propuesta de Mesa de Democracia Ambiental concebida como un modelo de gobernanza que genere las condiciones habilitantes para la implementación del Acuerdo Regional sobre el Acceso a la Información, la Participación Pública y el Acceso a la Justicia en Asuntos Ambientales en América Latina y el Caribe (Acuerdo Regional de Escazú)”.",,,70%,Ejecución,Sí,,4,"- Interacción con Cooperación Internacional en la línea de acción del Programa de GIZ Ecuador Sincero, relacionada al Acuerdo de Escazú.
- Socialización a los actores del estado situacional del Acuerdo de Escazú en el país.
- Desarollo de talleres de co-creación de la propuesta de Mesa de Democracia Ambiental.
- Revisión de documentación técnica identificar las brechas de normativa para la implementación del Acuerdo.
",50,"Sociedad Civil,Entidad pública,Academia,Otro",Cooperación Técnica Alemana - GIZ,"'- Constitución de la República del Ecuador 2008, con el reconocimiento de los derechos de la naturaleza.
- Planes Nacionales de Desarrollo.
- Ley Orgánica de Transparencia y Acceso a la Información Pública y su reglamento.
- Código Orgánico del Ambiente y su reglamento .
- Sistema Único de Información Ambiental (SUIA).
- Sistema Nacional de de Indicadores Ambientales y Sociales (SINIAS).
- Ley Orgánica de Participación Ciudadana.
- Alianza para el Gobierno Abierto.
- Mesa REDD +.
- Procesos de consulta popular.
- Proceso de Participación Social en la obtención de licencias ambientales .
- Procesos participativos en la construcción de PMA y estrategias.
- Ley Orgánica de la Defensoría del Pueblo.
- Normas para la promoción y Protección de Defensoras y Defensores de Derechos Humanos y de la Naturaleza por parte de la Defensoría del Pueblo del Ecuador.
- Reglamento para la creación y funcionamiento de los Consejos de Defensoras y Defensores de los Derechos Humanos y de la Naturaleza de la Defensoría del Pueblo.","El Ecuador se ha unido a un esfuerzo regional, para reforzar los temas relacionados a los pilares que menciona el Acuerdo de Escazú.

Se desarrollaron talleres de identificación con todos los actores, para conocer los casos de éxito de las mesas de democracias implementadas. 

Se encuentra en revisión técnica la metodología para “Propuesta de Mesa Interinstitucional de Democracia Ambiental”.",Sí,"Objetivos de Desarrollo Sostenible,Acuerdo de Escazú",,"Se relaciona con 12 de los 17 ODS, Acuerdo Regional de Escazú",Se relaciona con todo el Acuerdo de Escazú.
,Henry Valencia,Ministerio del Trabajo,Co-creación de una estrategia para la mejora de la Calidad de los Servicios Públicos de la Función Ejecutiva,Hito 1: Capacitación a las instituciones en la metodología de medición de la percepción de calidad de los servicios públicos.,2021-10-20,A la fecha han sido capacitadas tanto en la metodología como en el uso de la herramienta CESP un total de 65 instituciones y más de 150 servidores públicos.,,,65%,Ejecución,Sí,,4,"Desarrollo de la herramienta CESP
Capacitaciones al equipo del MDT sobre el uso de la herramienta
Capacitaciones a instituciones
Habilitación de accesos a la herramienta CESP
",180,Entidad pública,,En la Función Ejecutiva no había una metodología homologada para la medición de la percepción de la calidad del servicio público ni una herramienta tecnológica que soporte las encuestas para dicha medición.,"Al momento todo el sector público cuenta con la Norma Técnica de los Mecanismos de Medición de la Percepción de la Calidad de los Servicios Públicos y su Guía Metodológica, así como la herramienta open source ""lime survey"" para la aplicación de las encuestas y el procesamiento de la información. Con esta información las instituciones generan planes de mejora del servicio público.",Sí,"OGP (Alianza de Gobierno Abierto) Local ,Otro",Agenda 2030,"Objetivo 9: Industria, innovación e infraestructuras Objetivo 12: Producción y consumo responsables Objetivo 16: Paz, justicia e instituciones sólidas Objetivo 17: Alianzas para lograr los objetivos","El compromiso permitirá preparar tanto a los funcionarios públicos como
a los ciudadanos sobre la metodología de medición establecida con
base en la normativa vigente y el uso de la herramienta tecnológica CESP para la aplicación en línea de las encuestas y el procesamiento rápido de sus resultados, con el fin de lograr información necesaria sobre la percepción de la calidad de los servicios públicos resultante de la evaluación que facilite la identificación de mejoras y la co-creación de soluciones para mejorar la situación actual de la calidad. Además, permitirá mantener informado al ciudadano sobre los resultados del proceso de participación."
,Henry Valencia,Ministerio del Trabajo,Co-creación de una estrategia para la mejora de la Calidad de los Servicios Públicos de la Función Ejecutiva,Hito 2: Socialización a los ciudadanos sobre la medición de la percepción de calidad de los servicios públicos.,2021-10-20,"En razón de la pandemia mundial del año 2019 y 2020, se realizaron varios talleres virtuales con la ciudadanía en diferentes provincias del país, tales como: Galápagos, Manabí, Azuay, Cotopaxi, Pichincha, Imbabura, Napo. En estas socializaciones se presentaron las encuestas propuestas para el uso de las instituciones públicas y se recopilaron los aportes de los ciudadanos para la mejora de las herramientas de medición.",,,100%,Completado,Sí,,7,Talleres de socialización de la metodología para la medición de la satisfacción del servicio público.,120,"Entidad pública,Sociedad Civil,Academia,Ciudadanía general, Empresa privada",,La ciudadanía no participaba en el desarrollo de metodologías o herramientas para medir la satisfacción sobre los servicios públicos.,La ciudadanía participó y retroalimentó sobre la metodología y la herramienta de medición de la percepción de la calidad del servicio público. ,Sí,"OGP (Alianza de Gobierno Abierto) Local ,Otro",Agenda 2030,"Objetivo 9: Industria, innovación e infraestructuras Objetivo 12: Producción y consumo responsables Objetivo 16: Paz, justicia e instituciones sólidas Objetivo 17: Alianzas para lograr los objetivos","Alianzas para lograr los objetivos, por la participación de los ciudadanos en el desarrollo de la metodología y su herramienta."
,Henry Valencia,Ministerio del Trabajo,Co-creación de una estrategia para la mejora de la Calidad de los Servicios Públicos de la Función Ejecutiva,Hito 3: Medición de la calidad de los servicios públicos mediante encuestas en línea (frecuencia semestral).,2021-10-20,"Las instituciones de la Función Ejecutiva reportan semestralmente el indicador homologado de medición de la percepción de la calidad del servicio público, mediante la herramienta GPR. De estas instituciones, 23 ya utilizan la herramienta CESP para la medición de la percepción.",,,23%,Ejecución,Sí,,5,"Acercamiento a las instituciones para el uso de la herramienta CESP, capacitación y habilitación de accesos.",80,Entidad pública,,No existía una herramienta en línea y de uso abierto para las instituciones públicas.,Las instituciones públicas cuentan con la herramienta CESP para su uso.,Sí,"OGP (Alianza de Gobierno Abierto) Local ,Otro",Agenda 2030,"Objetivo 9: Industria, innovación e infraestructuras Objetivo 12: Producción y consumo responsables Objetivo 16: Paz, justicia e instituciones sólidas Objetivo 17: Alianzas para lograr los objetivos","Objetivo 9: Industria, innovación e infraestructuras.- pues se desarrolló la herramienta con el apoyo del MINTEL y se trata de una herramienta innovadora en el sector público ecuatoriano, de fácil uso y aplicación."
,Henry Valencia,Ministerio del Trabajo,Co-creación de una estrategia para la mejora de la Calidad de los Servicios Públicos de la Función Ejecutiva,"Hito 4: Análisis de resultados, identificación de las áreas de mejora y la co-creación de una estrategia de mejora con el aporte de usuarios y actores no gubernamentales relacionados.",2021-10-20,Las instituciones generan cada 6 meses un informe de los resultados de la medición de la satisfacción de la calidad de sus servicios. Se está trabajando en la  socialización y capacitación del uso de la herramienta CESP con un grupo de 100 instituciones priorizadas para que utilicen la herramienta en beneficio de la gestión institucional y la mejora de sus servicios.,,,23%,Ejecución,Sí,,2,Socialización de la herramienta CESP,60,Entidad pública,,No había un marco normativo ni herramienta tecnológica de libre disposición que exija a las instituciones el análisis de los resultados de las mediciones de la calidad de sus servicios.,"Está en implementación. Sin embargo con el avance a la fecha, las instituciones reportan los resultados de la medición y sus planes de mejora.",Sí,"Otro,OGP (Alianza de Gobierno Abierto) Local ",Agenda 2030,"Objetivo 9: Industria, innovación e infraestructuras Objetivo 12: Producción y consumo responsables Objetivo 16: Paz, justicia e instituciones sólidas Objetivo 17: Alianzas para lograr los objetivos","Objetivo 16: Paz, justicia e instituciones sólidas .- por la gestión de mejora de los servicios públicos que realizan las instituciones a partir de la medición de la percepción de la calidad de sus servicios."
,Mario Paúl Cabezas Luna,Presidencia de la República del Ecuador,Ciudadanización de la mejora de los trámites (simplificación),"Hito 1: Elaboración de la norma técnica de mejora regulatoria y actualización de la norma de simplificación de trámites, de manera conjunta con los actores involucrados y la sociedad civil.",2021-10-20,"El hito ha sido cumplido al 100% ya que la Secretaría General de la Presidencia  cuenta con el Decreto Ejecutivo No. 1204 para el proceso de mejora regulatoria, y desde el MINTEL se ha emitido el e Acuerdo Ministerial No. 36-2020 que reforma a la Norma Técnica de Diagnóstico Económico y Criterios de Priorización de Trámites Administrativos",,,100%,Completado,Sí,,3,"Publicación del proceso para consulta pública en portal Dialogo 2.0 (190 participaciones)
Difusión de evento a través de diferentes medios
Webinar para socialización de la norma técnica (343 asistentes)",533,"Entidad pública,Sociedad Civil,Academia",,"En el ámbito de la mejora regulatoria previo a la emisión del Decreto Ejecutivo las entidades no estaban obligadas a implementar el proceso.
En aplicación de la norma técnica de diagnóstico económico emitida a inicios del año 2020, se priorizaron demasiados trámites, lo que dificultó tanto la simplificación como el seguimiento a las entidades.
","A partir de la emisión del Decreto Ejecutivo No. 1204, las entidades de la Función Ejecutiva con facultades de regulación y control definidas para participar en el proceso, cumplen con la implementación de la política de mejora regulatoria.
Al aplicar la norma técnica reformada, se racionalizó la cantidad de trámites a simplificarse, además que el MINTEL pudo tener un mayor control y acciones de seguimiento a las entidades.",Sí,Objetivos de Desarrollo Sostenible,,ODS - Objetivo 9,"A través de la mejora regulatoria se ha fomentado la implementación de buenas prácticas regulatorias que implica calidad en el marco regulatorio, argumentación técnicas de las propuestas regulatorias, digitalización de servicios y transparencia en la emisión de las regulaciones.
A través de la simplificación de trámites, se ha fomentado la digitalización de servicios, masificar el uso de firma electrónica, interoperabilidad, etc. "
,Henry Valencia,Ministerio del Trabajo,Co-creación de una estrategia para la mejora de la Calidad de los Servicios Públicos de la Función Ejecutiva,Hito 5: Implementación de los planes de mejora para aumentar la satisfacción de la calidad de los servicios,2021-10-20,Las instituciones generan cada 6 meses el informe de medición de la percepción y con base en los resultados desarrollan un plan de mejora con la finalidad de incrementar el índice.,,,23%,Ejecución,Sí,,3,"Revisión de la presentación de resultados y planes de mejora.
Revisión de los planes de mejora institucionales.",50,Entidad pública,,"Las instituciones podían tener la iniciativa de realizar mejoras a sus servicios, pero sin el control de una entidad como actualmente lo hace el Ministerio de Trabajo y sin una metodología establecida y homologada para el sector público.",Las instituciones públicas por cumplimiento de normativa deben medir sus servicios y generar planes de mejora en función de sus resultados. Dichos planes de mejora son revisados por el Ministerio del Trabajo y se ajustan con la finalidad de mejorar el servicio público.,Sí,Otro,Agenda 2030,"Objetivo 9: Industria, innovación e infraestructuras Objetivo 16: Paz, justicia e instituciones sólidas Objetivo 17: Alianzas para lograr los objetivos","Los planes de mejora aportan en el cumplimiento de los objetivos planteados porque hay un trabajo conjunto entre las instituciones involucradas, ciudadanos y funcionarios públicos para la mejora de los servicios."
,Henry Valencia,Ministerio del Trabajo,Co-creación de una estrategia para la mejora de la Calidad de los Servicios Públicos de la Función Ejecutiva,Hito 6: Comunicación de resultados de mejoras de la calidad de los servicios públicos con la aplicación de la estrategia co-creada.,2021-10-20,Aún no inicia,,,0%,Planificación,Sí,,0,,0,"Entidad pública,Sociedad Civil,Ciudadanía general",,Se desconoce los resultados de mejoras de la calidad de los servicios públicos con la estrategia co-creada.,En proceso,Sí,Otro,Agenda 2030,"Objetivo 16: Paz, justicia e instituciones sólidas Objetivo 17: Alianzas para lograr los objetivos","Con la comunicación de los resultados, la ciudadanía tendrá a su alcance la información sobre la percepción de la calidad de los servicios públicos y podrá participar en la mejora de los mismos."
,Mario Paúl Cabezas,Presidencia de la República del Ecuador,Ciudadanización de la mejora de los trámites (simplificación),Hito 2: Co-creación del Plan de Mejora Regulatoria y Simplificación de Trámites en conjunto con las instituciones y ciudadanía.,2021-10-20,"Se realizaron procesos participativos a través del portal Diálogo 2.0 referentes a la Norma Técnica de Diagnóstico Económico y Criterios de Priorización de Trámites, así como de la propuesta de guía para la elaboración de un Plan de Mejora Regulatoria.",,,100%,Completado,Sí,,2,Publicación de los procesos en el portal Dialogo 2.0: Norma (190 participaciones) y Guía (133 participaciones),323,"Sociedad Civil,Entidad pública,Academia",,Previamente antes de la emisión de la guía para la elaboración de planes solamente existía el Plan de Acción de Gestión Regulatoria de alcance nacional  2015-2017; y la norma de diagnóstico económico.,"Se cuenta con una guía para la elaboración de planes regulatorios, así como un Plan de Acción de Mejora Regulatoria de mediano y largo plazo; y, se dispone de la norma de diagnóstico económico que cuenta con retroalimentación de los usuarios que participaron. ",Sí,Otro,Indicadores de política y gobernanza regulatoria de la OCDE y con el Índice de gobierno electrónico de la ONU (E-Government Development Index),Capítulo 7; Capítulo 5: E-participación.,"Gobernanza y política regulatoria, Capítulo 7 del Panorama de las administraciones públicas en América Latina de la OCDE.
Dentro del gobierno electrónico, se mide el componente de participación electrónica. Al utilizar la plataforma Dialogo 2.0, se fomenta este mecanismo."
,Mario Paúl Cabezas Luna,Presidencia de la República del Ecuador,Ciudadanización de la mejora de los trámites (simplificación),Hito 3: Implementación del Plan de Mejora Regulatoria y Simplificación de Trámites.,2021-10-20,"El plan de mejora regulatoria abarca un total de 28 entidades de la Función Ejecutiva con facultades de regulación y control priorizadas por la Secretaría General de la Presidencia de la República, el cual se instrumenta a través de planes regulatorios institucionales (28).
112 entidades del sector público presentaron sus planes de simplificación de trámites para el año 2021, lo que representa más de 400 trámites para ser simplificados en este periodo.",,,100%,Completado,Sí,,2,"Asesoría para la elaboración de planes regulatorios (28) y de los planes de simplificación (120) 
Recepción y aprobación de planes regulatorios y de simplificación de trámites.",500,Entidad pública,,"Previo al 2020 la elaboración de planes era facultativa por lo que había bajo involucramiento de las entidades. 
En el año 2020, menos de 100 entidades enviaron sus planes de simplificación de trámites.","En el 2021 se cuenta con la participación de 28 entidades de la Función Ejecutiva con facultades de regulación y control que forman parte del proceso de mejora regulatoria. 
En el 2021, incrementó el número de entidades que enviaron sus planes de simplificación, incluyendo a instituciones de otras funciones del Estado y niveles de gobierno.",Sí,Objetivos de Desarrollo Sostenible,,ODS- Objetivo 9,"A través de la mejora regulatoria y de la simplificación de trámites, se ha fomentado la implementación de buenas prácticas regulatorias generando calidad en las regulaciones, transparencia, digitalización de servicios, masificar el uso de firma electrónica, interoperabilidad, etc. "
,Mario Paúl Cabezas Luna,Presidencia de la República del Ecuador,Ciudadanización de la mejora de los trámites (simplificación),"Hito 4: Co-diseño del sistema único de seguimiento a la simplificación de trámites y regulaciones, y puesta en producción.",2021-10-20,"Actualmente se está planificando el desarrollo de un módulo para la administración de regulaciones dentro de la plataforma del GOB.EC.
La plataforma GOB.EC contiene un módulo para la construcción de los planes de simplificación de trámites.",,,50%,Ejecución,Sí,,1,"Capacitación a entidades sobre el uso del módulo ""Planificaciones"" de GOB.EC: 150.",600,"Entidad pública,Sociedad Civil,Academia,Ciudadanía general, Empresa privada,Organismo multilateral",,"Al no contar con una plataforma centralizada de regulaciones se generan costos adicionales a los ciudadanos, empresas e instituciones para la consulta de regulaciones vigentes. 
Al no tener una plataforma centralizada, había discrecionalidad en la priorización de trámites y alteración de los datos por errores en digitación.","La plataforma GOB.EC se encarga de ejecutar el algoritmo de priorización de trámites, eliminando subjetividad y posibles errores humanos.",Sí,"Objetivos de Desarrollo Sostenible,Otro",Acuerdo Comercial Ecuador - Estados Unidos.,"Anexo 2 - ""Buenas Prácticas Regulatorias"" y ODS- Objetivo 9.","Se relaciona con el anexo 2 ""Buenas prácticas regulatorias"" establecidas en el Acuerdo Comercial de Ecuador y Estados Unidos. 
Es algo innovador el tener la plataforma de trámites con funciones adicionales a las de informar o gestionar un trámite, facilita el consolidar en el mismo portal la información de los trámites a simplificar, incluyendo las estrategias, plazos, etc."
,Antonio Llerena Meza,"Ministerio del Ambiente, Agua y Transición Ecológica",Implementación de los derechos de participación y acceso a la información ambiental (Escazú),"Hito 3: Co-construcción de propuestas y hoja de ruta para avanzar en el proceso de implementación de las disposiciones del Acuerdo de Escazú en el marco político, normativo e institucional.",2021-10-20,"El MAATE colaboró como actor dentro de la co-construcción de propuestas y hoja de ruta para avanzar en el proceso de implementación de las disposiciones del Acuerdo de Escazú en el marco político, normativo e institucional.

Compromiso firmado con la Cooperación Alemana GIZ, en el marco del Plan de Acción del Programa Ecuador SinCero – Prevención de la Corrupción, Transparencia y Participación Ciudadana (2020-2022), dentro del proceso de la planificación para la implementación y ejecución del Acuerdo, de los cuales establecieron 4 hitos.

En dicha línea de acción se encuentra la realización del Producto: ""Metodología de co-creación del documento de la hoja de ruta de implementación del Acuerdo de Escazú."" (PENDIENTE, según cronograma).",,,5%,Definición,Sí,,1,"El MAATE colaboró como actor dentro de la co-construcción de propuestas y hoja de ruta para avanzar en el proceso de implementación de las disposiciones del Acuerdo de Escazú en el marco político, normativo e institucional.

Compromiso firmado con la Cooperación Alemana GIZ, en el marco del Plan de Acción del Programa Ecuador SinCero – Prevención de la Corrupción, Transparencia y Participación Ciudadana (2020-2022), dentro del proceso de la planificación para la implementación y ejecución del Acuerdo, de los cuales establecieron 4 hitos.",4,"Otro,Entidad pública,Academia",Cooperación Internacional Alemana - GIZ,"'- Planes Nacionales de Desarrollo.
- Ley Orgánica de Transparencia y Acceso a la Información Pública y su reglamento.
- Código Orgánico del Ambiente y su reglamento .
- Sistema Único de Información Ambiental (SUIA).
- Sistema Nacional de de Indicadores Ambientales y Sociales (SINIAS).
- Ley Orgánica de Participación Ciudadana.
- Alianza para el Gobierno Abierto.
- Mesa REDD +.
- Procesos de consulta popular.
- Proceso de Participación Social en la obtención de licencias ambientales .
- Procesos participativos en la construcción de PMA y estrategias.
- Ley Orgánica de la Defensoría del Pueblo.
- Normas para la promoción y Protección de Defensoras y Defensores de Derechos Humanos y de la Naturaleza por parte de la Defensoría del Pueblo del Ecuador.
- Reglamento para la creación y funcionamiento de los Consejos de Defensoras y Defensores de los Derechos Humanos y de la Naturaleza de la Defensoría del Pueblo.
",Estado: Pendiente hasta que se complete el Hito #2.,Sí,"Objetivos de Desarrollo Sostenible,Acuerdo de Escazú,OGP (Alianza de Gobierno Abierto) Local ",,Se relaciona con 12 de los 17 ODS - Acuerdo Regional de Escazú.,Se relaciona con todo el Acuerdo de Escazú.
,Guido Moncayo Vives,Defensoría del Pueblo,Desarrollo de capacidades para garantizar la transparencia y el acceso a la información pública,Hito 2: Co-creación de una estrategia para el fortalecimiento de mecanismos relacionados con el cumplimiento de la transparencia activa y pasiva,2021-10-20,"Luego de realizarse los talleres de cocreación de la estrategia, durante el mes de marzo 2021, se concretó el documento de la Caja de herramientas para la promoción del derecho de acceso a la información pública y la transparencia en la gestión, el mismo que se diagramó e imprimimió con el apoyo de la GIZ, y el evento de lanzamiento fue realizado el 29 de septiembre de 2021.",,,100%,Completado,No,,3,"Talleres de cocreación (marzo 2021), proceso de sistematización del documento y evento de lanzamiento de la Caja de herramientas",50,"Sociedad Civil,Entidad pública,Academia,Otro",Cooperación internacional,"No existía una estrategia (caja de herramientas) para fortalecer el acceso a la información pública y la transparencia en la gestión, sino que existian acciones dispersas y atomizadas.","Se ha planteado, a partir de la cocreación, una estrategia (caja de herramientas) para fortalecer el acceso a la información pública y la transparencia en la gestión, aprovechando la inteligencia colectiva y la colaboración de los diferentes actores involucrados.",Sí,"Objetivos de Desarrollo Sostenible,Otro",RTA (Red de Transparencia y Acceso a la Información Pública),ODS 16 y 17,"ODS 16, metas 5, 6 y 10 y ODS 17, metas 14, 17 y 18"
,Guido Moncayo Vives,Defensoría del Pueblo,Desarrollo de capacidades para garantizar la transparencia y el acceso a la información pública,Hito 3: Inicio de la implementación de la estrategia para el fortalecimiento de mecanismos relacionados con el cumplimiento de la transparencia activa y pasiva.,2021-10-20,"Actualmente se tiene prevista la hoja de ruta para la implememtación del pilotaje de la estrategia, que se ha definido preliminarmente con dos entidades subnacionales (GAD Municipal de Cuenca y Manta) y una nacional (Consorcio de Gobiernos Provinciales del Ecuador - CONGOPE). Adicionalmente, el día martes 19 de octubre se realizó el primer taller presencial en la ciudad de Cuenca, donde se presentó la caja de herramientas y se definieron aspectos iniciales del diagnóstico de la situación de la trasparencia y el acceso a la información pública en el municipio.",,,30%,Ejecución,No,,2,"Taller de socialización con las contrapartes involucradas ( GADM Cuenca, GADM Manta, CONGOPE, Fundación Kiru, GIZ y DPE), taller de socialización de la caja de herramientas y diagnóstico preliminar de la situación institucional en relación a la transparencia del GADM Cuenca.",15,"Sociedad Civil,Entidad pública,Otro,Ciudadanía general",Cooperación internacional,Las entidades que están participando del pilojate estaban generando acciones atomizadas y dispersas respecto al fortalecimiento de la transparencia y el acceso a la información pública,"Las entidades, al final del pilotaje, contarán con una estrategia en la que se articularán las diferentes iniciativas e intervenciones, con la finalidad de generar un mayor impacto, tanto a nivel institucional como en la ciudadanía.",Sí,"Objetivos de Desarrollo Sostenible,Otro",RTA (Red de transparencia y Acceso a la Información Pública),ODS 16 y 17,"ODS 16, metas 6, 5 y 10; ODS 17, metas 14, 17 y 18"
,Guido Moncayo Vives,Defensoría del Pueblo,Desarrollo de capacidades para garantizar la transparencia y el acceso a la información pública,"Hito 4: Evaluación participativa de los avances de implementación de la estrategia para el fortalecimiento de mecanismos relacionados con el cumplimiento de la transparencia activa y pasiva, implementada.",2021-10-20,El hito se encuentra en fase de definición.,,,0%,Definición,No,,0,N/A,0,"Sociedad Civil,Entidad pública,Ciudadanía general,Organismo multilateral",Cooperación internacional,N/A,N/A,Sí,"Objetivos de Desarrollo Sostenible,Otro",RTA (Red de Transparencia y Acceso a la Información Pública),ODS 16 y 17,"ODS 16, metas 6, 5 y 10; ODS 17, metas 14, 17 y 18"
,Evelin Yandún,Presidencia de la República del Ecuador,Primer laboratorio de innovación ciudadana de Ecuador ,Hito 1: Capacitación en innovación del servicio público al equipo técnico multiactor que formará el laboratorio de innovación.,2021-10-20,"Se han realizado diferentes actividades para generar conocimientos, capacidades y habilidades en el equipo sobre la temática de innovación, gobierno abierto, laboratorios de innovación ciudadana - pública, lo que ha permitido delinear el documento metodológico de lo que será el laboratorio. ",,,100%,Completado,Sí,,3,"Ciclo de 3 Webinars que incluyó diferentes actores de la cooperación internacional (GIZ , PNUD y SEGIB), academia (UNIR y PUCE), entidades públicas (Defensoría del Pueblo), GAD (Empresa Pública del GAD de Guayaquil).",280,"Sociedad Civil,Entidad pública,Academia,Ciudadanía general, Empresa privada,Organismo multilateral",,"Había poco conocimiento sobre la temática del compromiso, especialmente sobre el laboratorio de innovación pública en el marco de gobierno abierto. 
No se tenía claridad de la relación efectiva del compromiso con el enfoque de integridad pública. ","Se pudo conocer experiencias de laboratorios de otros países y contar con elementos útiles para el proceso. 
Los procesos tienen que incorporar a la ciudadanía desde el inicio pues son un factor clave para innovar. 
Toda actividad y proceso que se desarrolle en las instituciones públicas debe incorporar el enfoque de integridad ampliamente comprendido, no solo de sanción sino de prevención. 
Se logró capacitar a los actores que forman parte del proceso para fomentar una cultura de innovación abierta. ",Sí,Objetivos de Desarrollo Sostenible,,"Objetivo 9, 10 y 16 y 17. ","En relación con: 
Objetivo 9: La innovación como parte del laboratorio fomentará un proceso de mejora y cambio en la gestión pública con valor público que satisfaga las necesidades de la ciudadanía. 
Objetivo 10: Los laboratorios de innovación buscan conseguir la igualdad de género, reducir las desigualdades con especial énfasis en la población en la situación de vulnerabilidad. 
Objetivo 16 mejorará la administración pública coadyuvando a la solidificación de las instituciones transparentes.
Objetivo 17: El primer laboratorio de innovación ciudadana del Ecuador será diseñado e implementado bajo un modelo de alianza público privada.  
"
,Paúl Proaño,Servicio Nacional de Contratación Pública,Plataforma de Información Abierta de Contratación Pública,"Hito 2: Capacitación sobre estándares de Open Contracting Data Estándar (OCDS) y Open Contracting for Infraestructure Data Estándar (OC4IDS) dirigida a los responsables de compras públicas y actores clave, previamente identificados.",2021-10-21,"Se realizaron jornadas de capacitación sonbre temática relacionada con Gobierno Abierto, Datos Abiertos, OCDS y OC4IDS. Las capacitaciones se realizaron en conjunto con la EPN, San Francisco Global y OCP.",,,100%,Completado,Sí,,8,Jornadas de capacitación presenciales y virtuales,146,"Sociedad Civil,Entidad pública,Academia,Organismo multilateral",,Se desconocía sobre los estándares internacionales de OCDS y OC4IDS,Se difundió la impotancia de los estándares y se profundizó en el manejo de herramientas para el manejo de datos,Sí,Open Contracting,,Implementación de estándares OCDS,Implementación de estándares OCDS
,Paúl Proaño,Servicio Nacional de Contratación Pública,Plataforma de Información Abierta de Contratación Pública,"Hito 3: Realización de retos públicos (concursos, hackatones, etc.) para la creación de soluciones a problemas a partir del uso de datos abiertos; que además permita retroalimentar el portal de datos abiertos re-diseñado y actualizado.",2021-10-21,"Se realizó la capacitación sobre la metodología CoST a varios responsables de las áreas de contratación pública, organizaciones del sector privado, organizaciones de la sociedad civil y academia",,,100%,Completado,Sí,,2,Talleres presenciales,26,"Sociedad Civil,Entidad pública,Academia, Empresa privada,Organismo multilateral",,Se desconocía a nivel local de la iniciativa CoST,Se profundizó en la creación del CoST Ecuador con varias organizaciones participantes,Sí,Open Contracting,,Implementación de estándares OCDS,Implementación de estándares OCDS
,Paúl Proaño,Servicio Nacional de Contratación Pública,Plataforma de Información Abierta de Contratación Pública,"Hito 4: Diseño del proyecto de implementación de estándares OCDS y OC4IDS en el Sistema Nacional de Compras Públicas, que incluya: metas, talento humano y lo comprometerá con una visión compartida.",2021-10-21,Elaboración del requerimiento para el diseño y desarrollo de la plataforma enfocada en las necesidades de los usuarios ,,,100%,Completado,Sí,,28,Reuniones de trabajo y talleres,25,"Entidad pública,Sociedad Civil,Organismo multilateral",,No se contaba con una delimitación técnica y operativa de la implementación de OCDS y su aplicación en la información de contratación pública,Se realizó el diseño base funcional para el desarrollo e implementación de OCDS,Sí,Open Contracting,,Implementación de estándares OCDS,Implementación de estándares OCDS
,Paúl Proaño,Servicio Nacional de Contratación Pública,Plataforma de Información Abierta de Contratación Pública,"Hito 5: Mapeo de necesidades de los usuarios, de campos de datos clave y documentos necesarios para Open Contracting Data Standard (OCDS), Open Contracting for Infraestructure Data Estándar (OC4IDS) y metodología CoST.",2021-10-21,"Se realizó 4 talleres con representantes de sociedad civil, entidades contratantes, sector público, sector privado, sociedad civil y periodistas. Así también, se realizaron encuestas masivas y entrevistas a profundidad con varios actores del Sistema Nacional de Contratación Pública",,,100%,Completado,Sí,,7,"Reuniones de trabajo, seguimiento de avances, entrevistas, encuestas y grupos focales.",50,"Sociedad Civil,Entidad pública,Academia,Ciudadanía general, Empresa privada,Organismo multilateral",,No se contaba con un levantamiento de las necesidades de los usuarios,Se cuenta con una base metodológica y sistematizada de las necesidades de los usuarios,Sí,Open Contracting,,Implementación de estándares OCDS,Implementación de estándares OCDS
,Paúl Proaño,Servicio Nacional de Contratación Pública,Plataforma de Información Abierta de Contratación Pública,Hito 6: Preparación de la plataforma para la publicación y visualización de datos en formato OCDS y OC4IDS sobre los procesos de contratación pública.,2021-10-21,"La plataforma se encuentra en las fases finales de validación, seguridad y aseguramiento de la calidad. ",,,100%,Ejecución,Sí,,35,Reuniones de trabajo y seguimiento de avances,25,"Entidad pública,Organismo multilateral",,No se contaba ambientes para el desarrollo y pruebas de la plataforma,No aplica,Sí,Open Contracting,,Implementación de estándares OCDS,Implementación de estándares OCDS
,Paúl Proaño,Servicio Nacional de Contratación Pública,Plataforma de Información Abierta de Contratación Pública,"Hito 7: Publicación de datos OCDS y OC4IDS con una licencia de datos abiertos en línea con una política de publicación clara, que incluya visualizadores dinámicos.",2021-10-21,"La plataforma se encuentra en las fases finales de validación, seguridad y aseguramiento de la calidad. ",,,80%,Ejecución,Sí,,35,Reuniones de trabajo y seguimiento de avances,25,"Entidad pública,Organismo multilateral",,No se contaba ambientes para el desarrollo y pruebas de la plataforma,No aplica,Sí,Open Contracting,,Implementación de estándares OCDS,Implementación de estándares OCDS
,Paúl Proaño,Servicio Nacional de Contratación Pública,Plataforma de Información Abierta de Contratación Pública,Hito 8: Promoción del uso de los datos publicados. (Usar: Visualizar. Analizar. Comparar. Hacer una diferencia),2021-10-21,Se iniciará una vez que se despliegue en un ambiente productivo la plataforma,,,0%,Planificación,Sí,,0,No aplica,0,Entidad pública,,No se evidencia una cultura de uso y promoción de datos abiertos,No aplica,Sí,Open Contracting,,Implementación de estándares OCDS,Implementación de estándares OCDS
,Evelin Yandún,Presidencia de la República del Ecuador,Primer laboratorio de innovación ciudadana de Ecuador ,"Hito 2: Diagnóstico de contexto, actores, alianzas estratégicas y necesidades para la creación e implementación del laboratorio, con aportes ciudadanos.",2021-10-21,"Hay actividades que se encuentran en ejecución y otras en planificación. 
Se realizó una encuesta dirigida a la sociedad civil en la que se realizaron preguntas al respecto de la visión sobre la innovación pública, así como referidas a las expectativas de la sociedad al respecto de este ámbito.
Para concitar el interés de la ciudadanía se ha activado la estrategia de comunicación, difundiendo información general sobre el laboratorio, así como los resultados de la encuesta mencionada. Y, se está realizando el levantamiento de un mapeo de actores e iniciativas de innovación a través de la plataforma Thinkia Lab.
Actualmente, se está planificando la realización del diagnóstico de contexto, actores estratégicos y necesidades, con aportes de la ciudadanía. Asimismo, se está trabajando en la propuesta para contar con especialistas en la temática, como asistencia técnica de la Cooperación Alemana en Ecuador GIZ. ",,,30%,Ejecución,Sí,,2,"La encuesta sobre innovación dirigida a la ciudadanía. 
La propuesta para contar con especialistas en la temática, como asistencia técnica de la Cooperación Alemana en Ecuador GIZ. ",209,"Ciudadanía general,Organismo multilateral",,"Se tenía leves ideas de las necesidades de innovación, actores y contexto del país, que sean importantes y realizables como propuestas de innovación en el laboratorio. Pese a saber lo transcendental de tener un diagnóstico y relacionamientos estratégicos, no estaba claro cómo llevarlo a cabo.","Actualmente, hay más claridad sobre cómo realizarlo, pero dado que el hito está en ejecución, hay aún mucho que transitar. Pero, en general el equipo se siente más preparado para asumir las actividades que implica el desarrollo del hito, para ello ha sido importante el apoyo técnico de la Cooperación Alemana en Ecuador GIZ.",Sí,Objetivos de Desarrollo Sostenible,,"Objetivo 9 Industria, innovación e infraestructura. Objetivo 10: Reducción de las desigualdades. Objetivo 16: Paz, justicia e instituciones sólidas. Objetivo 17: Alianzas para lograr los objetivos","Objetivo 9 Industria, innovación e infraestructura: la innovación como parte del laboratorio de Innovación fortalecerá la mejora, cambio o transformación en la gestión pública con valor público para satisfacer las necesidades de la ciudadanía.  
Objetivo 10: Reducción de las desigualdades:  en el laboratorio se espera co-crear soluciones innovadoras a situaciones sociales, en especial aquellas relacionadas con población en situación de vulnerabilidad para reducir las desigualdades.
Objetivo 16: Paz, justicia e instituciones sólidas: Se mejorará la administración pública coadyuvando a la solidificación de las instituciones trasparentes.
Objetivo 17: Alianzas para lograr los objetivos: El primer laboratorio de innovación ciudadana de Ecuador será diseñado e implementado bajo un modelo de alianza público-privada."
,Evelin Yandún,Presidencia de la República del Ecuador,Primer laboratorio de innovación ciudadana de Ecuador ,"Hito 3: Diseño del modelo de gestión del laboratorio, que incluya procesos y metodologías de innovación.",2021-10-21,"El hito se encuentra en etapa de planificación de sus actividades, fundamentalmente del levantamiento de la propuesta de modelo de gestión del primer laboratorio de innovación ciudadana del Ecuador. Y la realización del proceso de presentación y co-creación del modelo de gestión del primer laboratorio de innovación ciudadana. Para ello, se está trabajando en la propuesta para contar con especialistas en la temática, como asistencia técnica de la Cooperación Alemana en Ecuador GIZ.",,,10%,Planificación,Sí,,1,La planificación de la actividades cuenta con la asistencia de la cooperación alemana en Ecuador GIZ,3,Organismo multilateral,,"Se tiene referencias resultado de lo investigado y de las experiencias que se han relevado sobre laboratorios de innovación ciudadana, que podrían aportar en la construcción del modelo de gestión, pero es necesario que se ajuste a la realidad de nuestro país. Y para ello, es necesario que el hito precedente se desarrolle, pues insume a este.   ",El hito aún no se está ejecutando,Sí,Objetivos de Desarrollo Sostenible,,"Objetivo 9 Industria, innovación e infraestructura. Objetivo 10: Reducción de las desigualdades. Objetivo 16: Paz, justicia e instituciones sólidas. Objetivo 16: Paz, justicia e instituciones sólidas","Objetivo 9 Industria, innovación e infraestructura: la innovación como parte del laboratorio de Innovación fortalecerá la mejora, cambio o transformación en la gestión pública con valor público para satisfacer las necesidades de la ciudadanía.  
Objetivo 10: Reducción de las desigualdades:  en el laboratorio se espera co-crear soluciones innovadoras a situaciones sociales, en especial aquellas relacionadas con población en situación de vulnerabilidad para reducir las desigualdades.
Objetivo 16: Paz, justicia e instituciones sólidas: Se mejorará la administración pública coadyuvando a la solidificación de las instituciones trasparentes.
Objetivo 17: Alianzas para lograr los objetivos: El primer laboratorio de innovación ciudadana de Ecuador será diseñado e implementado bajo un modelo de alianza público-privada.
"
,Evelin Yandún,Presidencia de la República del Ecuador,Primer laboratorio de innovación ciudadana de Ecuador ,Hito 4: Lanzamiento del laboratorio de innovación y convocatoria para al menos un reto de co-creación nacional.,2021-10-21,"El hito se encuentra en etapa de definición. Las actividades deben desarrollarse para permitir que se presente el modelo de gestión final del laboratorio de innovación ciudadana, a la ciudadanía en general. Y para desarrollar la convocatoria para la definición de un reto de innovación co-creado a nivel nacional. Para ello, se está trabajando en la propuesta para contar con especialistas en la temática, como asistencia técnica de la Cooperación Alemana en Ecuador GIZ.",,,5%,Definición,Sí,,2,"Planificación de la presentación del modelo de gestión final del laboratorio. 
Convocatoria para un reto de innovación con co-cración.",3,Organismo multilateral,,El reto se encuentra en definición. Existen algunas ideas que podrían aportar a la planificación y desarrollo de las actividades del hito.,El hito aún no ha sido implementado.,Sí,Objetivos de Desarrollo Sostenible,,"Objetivo 9 Industria, innovación e infraestructura. Objetivo 10: Reducción de las desigualdades. Objetivo 16: Paz, justicia e instituciones sólidas. Objetivo 16: Paz, justicia e instituciones sólidas","Objetivo 9 Industria, innovación e infraestructura: la innovación como parte del laboratorio de Innovación fortalecerá la mejora, cambio o transformación en la gestión pública con valor público para satisfacer las necesidades de la ciudadanía.  
Objetivo 10: Reducción de las desigualdades:  en el laboratorio se espera co-crear soluciones innovadoras a situaciones sociales, en especial aquellas relacionadas con población en situación de vulnerabilidad para reducir las desigualdades.
Objetivo 16: Paz, justicia e instituciones sólidas: Se mejorará la administración pública coadyuvando a la solidificación de las instituciones trasparentes.
Objetivo 17: Alianzas para lograr los objetivos: El primer laboratorio de innovación ciudadana de Ecuador será diseñado e implementado bajo un modelo de alianza público-privada.
"
,Evelin Yandún,Presidencia de la República del Ecuador,Primer laboratorio de innovación ciudadana de Ecuador ,Hito 5: Implementación del proyecto piloto identificado en el laboratorio que utilice procesos y metodologías de innovación basadas en inteligencia colectiva.,2021-10-21,"El hito se encuentra en definición. Las actividades  deben dar cuenta del desarrollo del reto de innovación. Por ello, la ejecución del hito 4 es imprescindible para la realización de este.  ",,,0%,Definición,Sí,,0,n/a,0,Otro,No se ha implementado todavía. ,El hito aún no se ha ejecutado.,El hito aún no se ha ejecutado.,Sí,Objetivos de Desarrollo Sostenible,,"Objetivo 9 Industria, innovación e infraestructura. Objetivo 10: Reducción de las desigualdades. Objetivo 16: Paz, justicia e instituciones sólidas. Objetivo 16: Paz, justicia e instituciones sólidas","Objetivo 9 Industria, innovación e infraestructura: la innovación como parte del laboratorio de Innovación fortalecerá la mejora, cambio o transformación en la gestión pública con valor público para satisfacer las necesidades de la ciudadanía.  
Objetivo 10: Reducción de las desigualdades:  en el laboratorio se espera co-crear soluciones innovadoras a situaciones sociales, en especial aquellas relacionadas con población en situación de vulnerabilidad para reducir las desigualdades.
Objetivo 16: Paz, justicia e instituciones sólidas: Se mejorará la administración pública coadyuvando a la solidificación de las instituciones trasparentes.
Objetivo 17: Alianzas para lograr los objetivos: El primer laboratorio de innovación ciudadana de Ecuador será diseñado e implementado bajo un modelo de alianza público-privada."